1@test,TEST
2@test,TEST
3@test,TEST
4@test,TEST
5@test,TEST
6@test,TEST
7@test,TEST
8@test,TEST
9@test,TEST
10@test,TEST
11@test,TEST
12@test,TEST
13@test,TEST
14@test,TEST
15@test,TEST
16@test,TEST
17@test,TEST
18@test,TEST
19@test,TEST
20@test,TEST
21@test,TEST
22@test,TEST
23@test,TEST
24@test,TEST
25@test,TEST
26@test,TEST
27@test,TEST
28@test,TEST
29@test,TEST
30@test,TEST
31@test,TEST
32@test,TEST
33@test,TEST
34@test,TEST
35@test,TEST
36@test,TEST
37@test,TEST
38@test,TEST
39@test,TEST
40@test,TEST
41@test,TEST
42@test,TEST
43@test,TEST
44@test,TEST
45@test,TEST
46@test,TEST
47@test,TEST
48@test,TEST
49@test,TEST
50@test,TEST
51@test,TEST
52@test,TEST
53@test,TEST
54@test,TEST
55@test,TEST
56@test,TEST
57@test,TEST
58@test,TEST
59@test,TEST
60@test,TEST
61@test,TEST
62@test,TEST
63@test,TEST
64@test,TEST
65@test,TEST
66@test,TEST
67@test,TEST
68@test,TEST
69@test,TEST
70@test,TEST
71@test,TEST
72@test,TEST
73@test,TEST
74@test,TEST
75@test,TEST
76@test,TEST
77@test,TEST
78@test,TEST
79@test,TEST
80@test,TEST
81@test,TEST
82@test,TEST
83@test,TEST
84@test,TEST
85@test,TEST
86@test,TEST
87@test,TEST
88@test,TEST
89@test,TEST
90@test,TEST
91@test,TEST
92@test,TEST
93@test,TEST
94@test,TEST
95@test,TEST
96@test,TEST
97@test,TEST
98@test,TEST
99@test,TEST
100@test,TEST
101@test,TEST
102@test,TEST
103@test,TEST
104@test,TEST
105@test,TEST
106@test,TEST
107@test,TEST
108@test,TEST
109@test,TEST
110@test,TEST
111@test,TEST
112@test,TEST
113@test,TEST
114@test,TEST
115@test,TEST
116@test,TEST
117@test,TEST
118@test,TEST
119@test,TEST
120@test,TEST
121@test,TEST
122@test,TEST
123@test,TEST
124@test,TEST
125@test,TEST
126@test,TEST
127@test,TEST
128@test,TEST
129@test,TEST
130@test,TEST
131@test,TEST
132@test,TEST
133@test,TEST
134@test,TEST
135@test,TEST
136@test,TEST
137@test,TEST
138@test,TEST
139@test,TEST
140@test,TEST
141@test,TEST
142@test,TEST
143@test,TEST
144@test,TEST
145@test,TEST
146@test,TEST
147@test,TEST
148@test,TEST
149@test,TEST
150@test,TEST
151@test,TEST
152@test,TEST
153@test,TEST
154@test,TEST
155@test,TEST
156@test,TEST
157@test,TEST
158@test,TEST
159@test,TEST
160@test,TEST
161@test,TEST
162@test,TEST
163@test,TEST
164@test,TEST
165@test,TEST
166@test,TEST
167@test,TEST
168@test,TEST
169@test,TEST
170@test,TEST
171@test,TEST
172@test,TEST
173@test,TEST
174@test,TEST
175@test,TEST
176@test,TEST
177@test,TEST
178@test,TEST
179@test,TEST
180@test,TEST
181@test,TEST
182@test,TEST
183@test,TEST
184@test,TEST
185@test,TEST
186@test,TEST
187@test,TEST
188@test,TEST
189@test,TEST
190@test,TEST
191@test,TEST
192@test,TEST
193@test,TEST
194@test,TEST
195@test,TEST
196@test,TEST
197@test,TEST
198@test,TEST
199@test,TEST
200@test,TEST
201@test,TEST
202@test,TEST
203@test,TEST
204@test,TEST
205@test,TEST
206@test,TEST
207@test,TEST
208@test,TEST
209@test,TEST
210@test,TEST
211@test,TEST
212@test,TEST
213@test,TEST
214@test,TEST
215@test,TEST
216@test,TEST
217@test,TEST
218@test,TEST
219@test,TEST
220@test,TEST
221@test,TEST
222@test,TEST
223@test,TEST
224@test,TEST
225@test,TEST
226@test,TEST
227@test,TEST
228@test,TEST
229@test,TEST
230@test,TEST
231@test,TEST
232@test,TEST
233@test,TEST
234@test,TEST
235@test,TEST
236@test,TEST
237@test,TEST
238@test,TEST
239@test,TEST
240@test,TEST
241@test,TEST
242@test,TEST
243@test,TEST
244@test,TEST
245@test,TEST
246@test,TEST
247@test,TEST
248@test,TEST
249@test,TEST
250@test,TEST
251@test,TEST
252@test,TEST
253@test,TEST
254@test,TEST
255@test,TEST
256@test,TEST
257@test,TEST
258@test,TEST
259@test,TEST
260@test,TEST
261@test,TEST
262@test,TEST
263@test,TEST
264@test,TEST
265@test,TEST
266@test,TEST
267@test,TEST
268@test,TEST
269@test,TEST
270@test,TEST
271@test,TEST
272@test,TEST
273@test,TEST
274@test,TEST
275@test,TEST
276@test,TEST
277@test,TEST
278@test,TEST
279@test,TEST
280@test,TEST
281@test,TEST
282@test,TEST
283@test,TEST
284@test,TEST
285@test,TEST
286@test,TEST
287@test,TEST
288@test,TEST
289@test,TEST
290@test,TEST
291@test,TEST
292@test,TEST
293@test,TEST
294@test,TEST
295@test,TEST
296@test,TEST
297@test,TEST
298@test,TEST
299@test,TEST
300@test,TEST
301@test,TEST
302@test,TEST
303@test,TEST
304@test,TEST
305@test,TEST
306@test,TEST
307@test,TEST
308@test,TEST
309@test,TEST
310@test,TEST
311@test,TEST
312@test,TEST
313@test,TEST
314@test,TEST
315@test,TEST
316@test,TEST
317@test,TEST
318@test,TEST
319@test,TEST
320@test,TEST
321@test,TEST
322@test,TEST
323@test,TEST
324@test,TEST
325@test,TEST
326@test,TEST
327@test,TEST
328@test,TEST
329@test,TEST
330@test,TEST
331@test,TEST
332@test,TEST
333@test,TEST
334@test,TEST
335@test,TEST
336@test,TEST
337@test,TEST
338@test,TEST
339@test,TEST
340@test,TEST
341@test,TEST
342@test,TEST
343@test,TEST
344@test,TEST
345@test,TEST
346@test,TEST
347@test,TEST
348@test,TEST
349@test,TEST
350@test,TEST
351@test,TEST
352@test,TEST
353@test,TEST
354@test,TEST
355@test,TEST
356@test,TEST
357@test,TEST
358@test,TEST
359@test,TEST
360@test,TEST
361@test,TEST
362@test,TEST
363@test,TEST
364@test,TEST
365@test,TEST
366@test,TEST
367@test,TEST
368@test,TEST
369@test,TEST
370@test,TEST
371@test,TEST
372@test,TEST
373@test,TEST
374@test,TEST
375@test,TEST
376@test,TEST
377@test,TEST
378@test,TEST
379@test,TEST
380@test,TEST
381@test,TEST
382@test,TEST
383@test,TEST
384@test,TEST
385@test,TEST
386@test,TEST
387@test,TEST
388@test,TEST
389@test,TEST
390@test,TEST
391@test,TEST
392@test,TEST
393@test,TEST
394@test,TEST
395@test,TEST
396@test,TEST
397@test,TEST
398@test,TEST
399@test,TEST
400@test,TEST
401@test,TEST
402@test,TEST
403@test,TEST
404@test,TEST
405@test,TEST
406@test,TEST
407@test,TEST
408@test,TEST
409@test,TEST
410@test,TEST
411@test,TEST
412@test,TEST
413@test,TEST
414@test,TEST
415@test,TEST
416@test,TEST
417@test,TEST
418@test,TEST
419@test,TEST
420@test,TEST
421@test,TEST
422@test,TEST
423@test,TEST
424@test,TEST
425@test,TEST
426@test,TEST
427@test,TEST
428@test,TEST
429@test,TEST
430@test,TEST
431@test,TEST
432@test,TEST
433@test,TEST
434@test,TEST
435@test,TEST
436@test,TEST
437@test,TEST
438@test,TEST
439@test,TEST
440@test,TEST
441@test,TEST
442@test,TEST
443@test,TEST
444@test,TEST
445@test,TEST
446@test,TEST
447@test,TEST
448@test,TEST
449@test,TEST
450@test,TEST
451@test,TEST
452@test,TEST
453@test,TEST
454@test,TEST
455@test,TEST
456@test,TEST
457@test,TEST
458@test,TEST
459@test,TEST
460@test,TEST
461@test,TEST
462@test,TEST
463@test,TEST
464@test,TEST
465@test,TEST
466@test,TEST
467@test,TEST
468@test,TEST
469@test,TEST
470@test,TEST
471@test,TEST
472@test,TEST
473@test,TEST
474@test,TEST
475@test,TEST
476@test,TEST
477@test,TEST
478@test,TEST
479@test,TEST
480@test,TEST
481@test,TEST
482@test,TEST
483@test,TEST
484@test,TEST
485@test,TEST
486@test,TEST
487@test,TEST
488@test,TEST
489@test,TEST
490@test,TEST
491@test,TEST
492@test,TEST
493@test,TEST
494@test,TEST
495@test,TEST
496@test,TEST
497@test,TEST
498@test,TEST
499@test,TEST
500@test,TEST
501@test,TEST
502@test,TEST
503@test,TEST
504@test,TEST
505@test,TEST
506@test,TEST
507@test,TEST
508@test,TEST
509@test,TEST
510@test,TEST
511@test,TEST
512@test,TEST
513@test,TEST
514@test,TEST
515@test,TEST
516@test,TEST
517@test,TEST
518@test,TEST
519@test,TEST
520@test,TEST
521@test,TEST
522@test,TEST
523@test,TEST
524@test,TEST
525@test,TEST
526@test,TEST
527@test,TEST
528@test,TEST
529@test,TEST
530@test,TEST
531@test,TEST
532@test,TEST
533@test,TEST
534@test,TEST
535@test,TEST
536@test,TEST
537@test,TEST
538@test,TEST
539@test,TEST
540@test,TEST
541@test,TEST
542@test,TEST
543@test,TEST
544@test,TEST
545@test,TEST
546@test,TEST
547@test,TEST
548@test,TEST
549@test,TEST
550@test,TEST
551@test,TEST
552@test,TEST
553@test,TEST
554@test,TEST
555@test,TEST
556@test,TEST
557@test,TEST
558@test,TEST
559@test,TEST
560@test,TEST
561@test,TEST
562@test,TEST
563@test,TEST
564@test,TEST
565@test,TEST
566@test,TEST
567@test,TEST
568@test,TEST
569@test,TEST
570@test,TEST
571@test,TEST
572@test,TEST
573@test,TEST
574@test,TEST
575@test,TEST
576@test,TEST
577@test,TEST
578@test,TEST
579@test,TEST
580@test,TEST
581@test,TEST
582@test,TEST
583@test,TEST
584@test,TEST
585@test,TEST
586@test,TEST
587@test,TEST
588@test,TEST
589@test,TEST
590@test,TEST
591@test,TEST
592@test,TEST
593@test,TEST
594@test,TEST
595@test,TEST
596@test,TEST
597@test,TEST
598@test,TEST
599@test,TEST
600@test,TEST
601@test,TEST
602@test,TEST
603@test,TEST
604@test,TEST
605@test,TEST
606@test,TEST
607@test,TEST
608@test,TEST
609@test,TEST
610@test,TEST
611@test,TEST
612@test,TEST
613@test,TEST
614@test,TEST
615@test,TEST
616@test,TEST
617@test,TEST
618@test,TEST
619@test,TEST
620@test,TEST
621@test,TEST
622@test,TEST
623@test,TEST
624@test,TEST
625@test,TEST
626@test,TEST
627@test,TEST
628@test,TEST
629@test,TEST
630@test,TEST
631@test,TEST
632@test,TEST
633@test,TEST
634@test,TEST
635@test,TEST
636@test,TEST
637@test,TEST
638@test,TEST
639@test,TEST
640@test,TEST
641@test,TEST
642@test,TEST
643@test,TEST
644@test,TEST
645@test,TEST
646@test,TEST
647@test,TEST
648@test,TEST
649@test,TEST
650@test,TEST
651@test,TEST
652@test,TEST
653@test,TEST
654@test,TEST
655@test,TEST
656@test,TEST
657@test,TEST
658@test,TEST
659@test,TEST
660@test,TEST
661@test,TEST
662@test,TEST
663@test,TEST
664@test,TEST
665@test,TEST
666@test,TEST
667@test,TEST
668@test,TEST
669@test,TEST
670@test,TEST
671@test,TEST
672@test,TEST
673@test,TEST
674@test,TEST
675@test,TEST
676@test,TEST
677@test,TEST
678@test,TEST
679@test,TEST
680@test,TEST
681@test,TEST
682@test,TEST
683@test,TEST
684@test,TEST
685@test,TEST
686@test,TEST
687@test,TEST
688@test,TEST
689@test,TEST
690@test,TEST
691@test,TEST
692@test,TEST
693@test,TEST
694@test,TEST
695@test,TEST
696@test,TEST
697@test,TEST
698@test,TEST
699@test,TEST
700@test,TEST
701@test,TEST
702@test,TEST
703@test,TEST
704@test,TEST
705@test,TEST
706@test,TEST
707@test,TEST
708@test,TEST
709@test,TEST
710@test,TEST
711@test,TEST
712@test,TEST
713@test,TEST
714@test,TEST
715@test,TEST
716@test,TEST
717@test,TEST
718@test,TEST
719@test,TEST
720@test,TEST
721@test,TEST
722@test,TEST
723@test,TEST
724@test,TEST
725@test,TEST
726@test,TEST
727@test,TEST
728@test,TEST
729@test,TEST
730@test,TEST
731@test,TEST
732@test,TEST
733@test,TEST
734@test,TEST
735@test,TEST
736@test,TEST
737@test,TEST
738@test,TEST
739@test,TEST
740@test,TEST
741@test,TEST
742@test,TEST
743@test,TEST
744@test,TEST
745@test,TEST
746@test,TEST
747@test,TEST
748@test,TEST
749@test,TEST
750@test,TEST
751@test,TEST
752@test,TEST
753@test,TEST
754@test,TEST
755@test,TEST
756@test,TEST
757@test,TEST
758@test,TEST
759@test,TEST
760@test,TEST
761@test,TEST
762@test,TEST
763@test,TEST
764@test,TEST
765@test,TEST
766@test,TEST
767@test,TEST
768@test,TEST
769@test,TEST
770@test,TEST
771@test,TEST
772@test,TEST
773@test,TEST
774@test,TEST
775@test,TEST
776@test,TEST
777@test,TEST
778@test,TEST
779@test,TEST
780@test,TEST
781@test,TEST
782@test,TEST
783@test,TEST
784@test,TEST
785@test,TEST
786@test,TEST
787@test,TEST
788@test,TEST
789@test,TEST
790@test,TEST
791@test,TEST
792@test,TEST
793@test,TEST
794@test,TEST
795@test,TEST
796@test,TEST
797@test,TEST
798@test,TEST
799@test,TEST
800@test,TEST
801@test,TEST
802@test,TEST
803@test,TEST
804@test,TEST
805@test,TEST
806@test,TEST
807@test,TEST
808@test,TEST
809@test,TEST
810@test,TEST
811@test,TEST
812@test,TEST
813@test,TEST
814@test,TEST
815@test,TEST
816@test,TEST
817@test,TEST
818@test,TEST
819@test,TEST
820@test,TEST
821@test,TEST
822@test,TEST
823@test,TEST
824@test,TEST
825@test,TEST
826@test,TEST
827@test,TEST
828@test,TEST
829@test,TEST
830@test,TEST
831@test,TEST
832@test,TEST
833@test,TEST
834@test,TEST
835@test,TEST
836@test,TEST
837@test,TEST
838@test,TEST
839@test,TEST
840@test,TEST
841@test,TEST
842@test,TEST
843@test,TEST
844@test,TEST
845@test,TEST
846@test,TEST
847@test,TEST
848@test,TEST
849@test,TEST
850@test,TEST
851@test,TEST
852@test,TEST
853@test,TEST
854@test,TEST
855@test,TEST
856@test,TEST
857@test,TEST
858@test,TEST
859@test,TEST
860@test,TEST
861@test,TEST
862@test,TEST
863@test,TEST
864@test,TEST
865@test,TEST
866@test,TEST
867@test,TEST
868@test,TEST
869@test,TEST
870@test,TEST
871@test,TEST
872@test,TEST
873@test,TEST
874@test,TEST
875@test,TEST
876@test,TEST
877@test,TEST
878@test,TEST
879@test,TEST
880@test,TEST
881@test,TEST
882@test,TEST
883@test,TEST
884@test,TEST
885@test,TEST
886@test,TEST
887@test,TEST
888@test,TEST
889@test,TEST
890@test,TEST
891@test,TEST
892@test,TEST
893@test,TEST
894@test,TEST
895@test,TEST
896@test,TEST
897@test,TEST
898@test,TEST
899@test,TEST
900@test,TEST
901@test,TEST
902@test,TEST
903@test,TEST
904@test,TEST
905@test,TEST
906@test,TEST
907@test,TEST
908@test,TEST
909@test,TEST
910@test,TEST
911@test,TEST
912@test,TEST
913@test,TEST
914@test,TEST
915@test,TEST
916@test,TEST
917@test,TEST
918@test,TEST
919@test,TEST
920@test,TEST
921@test,TEST
922@test,TEST
923@test,TEST
924@test,TEST
925@test,TEST
926@test,TEST
927@test,TEST
928@test,TEST
929@test,TEST
930@test,TEST
931@test,TEST
932@test,TEST
933@test,TEST
934@test,TEST
935@test,TEST
936@test,TEST
937@test,TEST
938@test,TEST
939@test,TEST
940@test,TEST
941@test,TEST
942@test,TEST
943@test,TEST
944@test,TEST
945@test,TEST
946@test,TEST
947@test,TEST
948@test,TEST
949@test,TEST
950@test,TEST
951@test,TEST
952@test,TEST
953@test,TEST
954@test,TEST
955@test,TEST
956@test,TEST
957@test,TEST
958@test,TEST
959@test,TEST
960@test,TEST
961@test,TEST
962@test,TEST
963@test,TEST
964@test,TEST
965@test,TEST
966@test,TEST
967@test,TEST
968@test,TEST
969@test,TEST
970@test,TEST
971@test,TEST
972@test,TEST
973@test,TEST
974@test,TEST
975@test,TEST
976@test,TEST
977@test,TEST
978@test,TEST
979@test,TEST
980@test,TEST
981@test,TEST
982@test,TEST
983@test,TEST
984@test,TEST
985@test,TEST
986@test,TEST
987@test,TEST
988@test,TEST
989@test,TEST
990@test,TEST
991@test,TEST
992@test,TEST
993@test,TEST
994@test,TEST
995@test,TEST
996@test,TEST
997@test,TEST
998@test,TEST
999@test,TEST
1000@test,TEST
